{"cameraMode":{"drawMode":0,"name":"Shaded","section":"Shading Mode"},"sceneLighting":true,"audioPlay":false,"sceneViewState":{"showFog":true,"showMaterialUpdate":true,"showSkybox":true,"showFlares":true,"showImageEffects":true,"showParticleSystems":true},"in2DMode":false,"pivot":{"x":263.2642517089844,"y":138.86688232421876,"z":349.42987060546877},"rotation":{"x":0.00014248659135773778,"y":0.9998396635055542,"z":-0.009308516047894955,"w":0.01530021708458662},"size":89.17376708984375,"orthographic":false}